time,conversions,revenue_per_conversion,Channel0_impression,Channel0_spend,Channel1_impression,Channel1_spend,Channel2_impression,Channel2_spend,Channel3_impression,Channel3_spend,Channel4_impression,Channel4_spend,Channel5_impression,Channel5_spend,Channel6_impression,Channel6_spend,Channel7_impression,Channel7_spend,competitor_sales_control,sentiment_score_control
2019-01-07,60978,311011.0,380292636,4050668146,29930438,505195614,14553063,351478787,64867538,434226962,5593979,130484947,19682942,301042310,17847503,213413868,722364,19042094,-0.229375,-0.149722
2019-01-14,60850,318727.3,289168312,3260104312,36092291,586691068,11272744,279286343,52171404,371084537,5742494,133293650,13233517,204552476,22483636,306644152,636906,17990920,0.441435,0.079543
2019-01-21,70808,308313.7,303461585,3660933488,23545141,431694210,10492952,280092015,57041800,423382693,11408584,210997063,9688806,139818686,27462822,370750110,1071487,28116551,1.021365,0.072824
2019-01-28,57914,325349.5,361552877,4132294297,22183938,364796429,9137447,264457165,56746368,372007092,11136711,236268256,11086642,169866261,16077898,222753373,1061319,27692968,1.715614,-0.717361
2019-02-04,74036,313820.9,346036207,3979529544,47067543,767668242,11449658,307398382,92054622,583709303,8573070,193142027,13119850,192368248,26403066,311210317,2204273,63683319,0.731789,-1.221518
2019-02-11,83342,324930.7,350635366,3750154343,54603314,937724663,17835144,484276103,70665965,549048890,8165357,160793153,14359159,215699092,17802374,234247799,1427404,39363324,-0.11864,-0.904025
2019-02-18,87967,317170.2,231560536,2450314986,79899360,1393027245,20048695,476532099,61378699,531421776,9306878,207932257,9280580,141206172,14459523,225581454,4100258,102457695,0.712802,-1.008224
2019-02-25,88598,307629.0,280159912,2936094468,65533553,1118127016,17995433,433387948,77324015,542219380,4826075,94755361,17946782,264265704,23773895,285990676,1236140,36087627,1.466935,-0.521037
2019-03-04,68282,327945.2,199493983,1956517573,22471446,383638211,14491473,382789625,53703816,386945316,4734428,96469217,20127535,294932354,13485813,176437004,2589312,69347118,1.333116,-0.635748
2019-03-11,74199,301854.8,221261997,2450311855,28899223,500239302,9775216,257431234,54903180,382855905,5485831,115916848,20689328,272729049,33669707,405033776,1136528,34167891,0.523614,0.826583
2019-03-18,73939,335088.9,268692136,2850924983,44371658,808383182,11770001,282968609,51524477,421722577,5300886,109009327,22747005,345613212,33485142,457553898,416991,12862673,-0.321351,0.356815
2019-03-25,86458,328382.5,221204858,2372597461,32959759,587038501,13244081,359763613,43889429,361722539,4567241,99797953,19229308,304416492,25488500,355165624,1804982,49453959,-0.464792,0.431745
2019-04-01,88177,314793.2,259818584,2856870355,50524202,951757014,14328756,376548820,57688701,399674554,14420028,319766096,12482357,187308586,31384516,375852984,2448611,59770281,-1.548178,0.109065
2019-04-08,99479,312835.0,403672683,4560317411,55592885,933692114,16224248,427563697,47894713,364753239,14977615,343838405,10236685,156369860,23241781,255041080,2436877,70312801,-1.546819,0.178921
2019-04-15,75830,298215.0,310549539,3407621172,41814089,781186927,12046551,295776066,46217271,340449500,11999892,271365696,10250947,163322052,17604678,269833909,1102815,31521781,-1.421017,0.376473
2019-04-22,83204,321468.7,377961928,4334195059,59327802,1132144782,12030719,307843299,69392056,439195659,10725943,236886969,16367484,251378579,21943899,274273592,955897,29768084,-0.820478,0.297164
2019-04-29,96188,312873.5,443893646,4937094116,25662896,460139829,8977773,229013717,76046667,579788094,8549530,194884252,14348010,217413515,17904629,253908622,1511826,47402163,-0.592771,0.256895
2019-05-06,106906,316361.1,460042810,4838466857,30370126,528251918,25228623,652415618,92369323,746204003,8150289,171636451,40346030,537904602,31256129,427858520,1169919,36719910,-0.70862,0.151579
2019-05-13,104728,333153.5,256862249,2918552279,64521363,970774733,25388405,625186658,94267475,682379557,6100894,142768702,17865463,261416576,50213303,686206447,2817912,67775292,-0.510638,0.619083
2019-05-20,129131,320619.8,408407677,4153841227,35605139,633762344,14936252,472173786,111770761,877707224,7807324,160270576,40559297,694467129,57463460,752937970,4061500,108343442,-1.081595,0.571679
2019-05-27,147320,312194.8,454308852,5526880541,68526383,1238394649,18417471,516226660,114937062,848865098,10733513,220008089,31592062,439294121,60004547,725813512,4746420,127561537,-0.722054,0.704228
2019-06-03,268355,317190.3,547805419,5457746911,108322267,1656286890,53146272,1264157208,177979325,1348698482,11474421,258416640,37305797,493731555,62623386,777518652,2508426,70262994,-0.772939,1.09494
2019-06-10,276695,325955.7,460124438,5618233041,200015063,3165192892,29207612,734159288,209996996,1406836838,42620793,933590094,23253234,388326334,40275657,561769732,1950386,51475895,-1.011955,0.378448
2019-06-17,158423,325438.0,355208575,3861149198,85857753,1300980251,17471514,479291779,65194002,501158154,22943548,481651384,16029513,263010280,29257522,349243161,1243709,32170969,-2.110552,0.591017
2019-06-24,176848,324124.7,557111119,6315842371,60010981,794260533,22163241,579472248,79608948,675351765,15922653,329423407,11878337,193403995,33381867,375243155,1197589,37863525,-1.500833,0.851805
2019-07-01,110006,321261.5,284478271,3236913285,38194345,587065683,20877803,489353325,79050065,554221448,17814606,387844754,14052668,211899289,26123975,352515197,1358631,44197737,-1.123958,0.788887
2019-07-08,102902,332104.2,353374902,3880328677,25040863,469130459,10802518,291254947,55310103,416853677,9201152,198350505,15098545,230226214,27456351,370132314,3349451,91479994,-0.547105,0.245657
2019-07-15,82313,334839.9,464325588,4581246222,43882137,664632344,11783163,275962054,62293555,479997019,6801436,130191746,20249606,301965951,37609115,462108128,2414379,69328155,0.539871,0.796987
2019-07-22,97326,311416.3,353122153,3888978882,59583465,933405038,13757117,383109026,52260361,399558851,5970244,115011040,19344723,321118083,34071073,427067115,2050552,60468439,-0.289632,-0.251869
2019-07-29,104421,315192.6,413289255,3919909012,85948538,1417807923,21436631,575746675,58433760,468315504,6566308,129213358,21269474,316285231,37293943,500890525,907682,28539385,0.67637,0.574367
2019-08-05,93929,322733.8,256375683,2954947160,65446471,1210177456,18284934,448585921,60150245,487411451,6819984,151787203,24640225,375660812,35095946,486641843,806003,23543865,1.465421,-0.085668
2019-08-12,112922,326161.4,337296598,3667636260,93118340,1500773600,24397418,612083377,69974489,542518729,5488767,126923516,19569794,303420948,17907580,233848110,1567265,47459173,0.599262,1.10312
2019-08-19,85456,334792.1,369604831,4047902482,40561690,741022586,13074181,325286495,80070884,592199575,14925610,292433619,11976448,202430199,29757154,418305791,2364796,68050251,-0.268954,-0.452085
2019-08-26,86383,316190.6,255170409,2748573521,50660380,828855971,11191422,264302463,81433117,649312501,14281205,286855245,12848385,183691207,18334766,234444823,2063411,61231536,0.016892,-0.211943
2019-09-02,69580,320608.8,214202280,2689769752,27790244,492707967,14155456,369306385,72709845,530167041,10013055,201874744,10121575,160687602,26159628,337565527,2018299,51826807,0.302504,-0.933801
2019-09-09,88549,329649.6,216574858,2174892986,39064228,691501492,19648861,523266036,68848366,533996409,8141669,156057334,10870550,160427812,20191029,265829639,1225945,36420233,-0.019508,-0.121353
2019-09-16,85286,333131.6,410403805,4423080870,38676521,602655057,19048416,511910646,70404522,545384161,8855174,202711325,8768372,170086035,40644250,472671477,1298532,36023079,0.093507,0.083935
2019-09-23,81332,332844.7,440323421,4305593240,58993194,980173099,17200765,458089817,76525192,540426581,5694601,114747425,18612814,277209124,28012616,357989426,1308613,31683153,1.482228,0.187485
2019-09-30,86390,319938.0,273342470,3441004338,60575347,1049610313,16110196,411404057,87215413,675630075,5556996,116961309,28017199,377297333,35762198,410588918,1112721,33134841,0.776677,-0.398324
2019-10-07,90153,327291.4,288148212,3063850100,29738736,554653323,10329216,258959939,66079919,462631135,8155912,170982940,31160245,469927557,33559995,413574496,2304036,63864670,0.422813,0.078665
2019-10-14,79654,321865.3,392801219,3834975776,28005098,465440317,11977239,292371818,59427552,451858925,3805864,89104807,20312653,294145654,17317265,245869020,2617189,68616990,-0.157372,-0.626077
2019-10-21,90172,341654.6,361665817,4006913860,38348666,621879800,23568045,573721469,52365997,412714242,5160501,112210723,21256963,324274442,21512589,243441955,2325181,68244344,0.349422,-0.184477
2019-10-28,91668,330539.2,230764493,2677403603,36061988,528292919,22883956,625435494,57386587,377477581,16180334,342962675,12756678,180402924,26820766,324174179,1150138,32501667,0.532013,-0.590372
2019-11-04,92316,330606.0,216584195,2264111755,30071642,516293391,22294950,561807952,43128209,320665162,14394596,332862627,9317730,146110950,23852753,299085489,1050144,31745133,-0.433218,0.377224
2019-11-11,181477,339515.2,321383578,3498956045,126974232,2137896126,21197348,532708214,55617806,398816722,26401853,522548174,19925836,295486609,32398143,412195488,3901712,99957459,-0.397974,0.681905
2019-11-18,100022,333590.4,192988681,2357417716,93207653,1456813313,12007967,282569220,53015219,382319310,18269160,373393865,12602657,198840700,35649698,500180689,1200539,35780637,-1.036943,1.031476
2019-11-25,97267,331237.6,208352165,2460472875,61509687,993648731,10490212,289073969,75770438,542136785,11987145,244263160,11048339,160496900,41115086,473816826,2131130,58379386,-0.329124,0.812934
2019-12-02,161513,341747.3,360935401,3421486973,54683145,952272120,22516882,590089267,103939896,846503421,14228729,271815203,23662445,384817752,43128401,560265321,2604413,72025379,-0.378487,0.686782
2019-12-09,191216,326059.3,687503114,7257559049,57308403,858661489,28418668,775152967,113541215,849051830,7388537,169441864,35394422,529888508,32593439,450365061,2121350,56413983,-0.511687,0.193409
2019-12-16,157584,335247.0,547201118,5283866905,42903943,702231972,27972332,702846923,134822497,1101428984,10855233,206832620,21874242,334544455,28341832,349512187,1524677,41967205,-0.914019,-0.431365
2019-12-23,147822,335993.9,739150918,7652501693,46454183,762399526,15948770,383343416,113072648,777127240,9085617,202422284,27060963,423025589,28443148,381165284,1815898,53788865,-0.442648,0.129727
2019-12-30,148301,330821.2,727071921,7702855680,39756416,627584069,14669219,365640570,102264263,812217193,7091026,162060861,22187455,373032679,22551520,340182066,2235508,70373645,-0.216175,0.205009
2020-01-06,110234,327632.0,264489954,2792938119,57181721,907356441,21924772,576261964,15267315,126796215,26939089,566518674,14802406,204730046,22326402,280059714,2391011,66864775,-1.180792,0.319613
2020-01-13,110560,326557.8,240157932,2807053122,62626202,934050732,23274911,664285021,15277816,122239886,22082814,465140170,15250955,235191027,21620398,283441493,3182589,108101898,-2.01087,0.615623
2020-01-20,109264,327207.2,147777163,1842250267,71479665,1269571503,25063229,745900657,15695669,126197308,19887112,407528756,26610078,408373937,30169649,406021586,2651916,79231624,-1.458917,0.421768
2020-01-27,105787,345359.9,186770830,2066679272,43983331,816028548,34630697,853808046,11900912,94173329,15318214,381324102,20623944,329718579,37713162,514821083,3944398,104223329,-1.722433,-0.321683
2020-02-03,96896,337345.4,200081036,2385225621,45699528,793329650,22141594,574615399,15120530,106578824,28752397,586483174,28132623,426067727,49920113,646079866,2355050,61993642,-1.478517,-0.790394
2020-02-10,93584,317808.6,205654604,2319306977,45726517,776140665,17551380,484395194,16890692,128120626,8455985,192846671,33382697,512143037,41252119,561596879,2451333,66662767,-0.722599,-1.761377
2020-02-17,105568,335839.9,166553767,1878246016,34816633,599171673,29076299,739042276,15664214,112789154,12986571,239544961,22500000,368850296,42763829,522136702,2541074,67349707,-1.839469,-1.80705
2020-02-24,115247,334055.0,186803003,1988483720,65350404,1040564282,38789584,954423021,15416008,102496572,9527620,217785944,40571409,592137459,30528631,396795001,2352341,64999325,-1.397579,-1.21198
2020-03-02,115656,327023.8,219445857,2571118740,69914792,1047149786,34259764,798946065,20242190,138601770,9665630,199730837,37531881,655618762,31340508,400696659,4863044,125359912,-0.837115,-0.379818
2020-03-09,117937,348033.9,357166180,3534929253,79763087,1464565460,26967636,711655783,16530879,112524081,17148046,358966877,36459467,533783151,28312285,343863839,4875590,125553276,-0.427985,-0.133907
2020-03-16,74803,339873.6,68343238,870033728,30012480,528089899,11734145,295582645,926872,7205326,19581630,380883074,6837793,111196048,16445853,185179986,1670706,45247833,-0.367714,-0.63156
2020-03-23,74533,330596.6,79807527,888016613,72354566,1089791287,12574449,313548478,1259974,9763611,26728822,566927528,8447204,120612516,26582626,317781617,1047725,32202069,0.018388,-1.159206
2020-03-30,82382,327353.0,95500208,1060591107,32888156,561844957,14513436,427530552,1442090,10952978,18173284,390783638,24181263,429112188,22879888,333342397,1355357,40044398,-0.205339,-0.864524
2020-04-06,91600,342048.8,98598966,1204017889,39053788,668016272,21538439,621357488,1843990,13274054,36450248,741980929,17849493,219868598,33053189,388669663,1575718,45444477,0.074068,-0.047594
2020-04-13,80347,332879.7,72258881,843221053,30487172,505614342,19671165,466097441,1848408,12650812,26298882,532726197,18013680,282123417,29527046,379835336,1030808,32131487,-0.084402,1.49362
2020-04-20,80758,333483.8,61998392,724969879,24726323,414106085,16728830,482150332,1448170,10986049,8845269,195287976,24354125,383214092,20692945,288061468,2835652,87402066,-0.549713,0.436269
2020-04-27,97752,341635.9,91659974,1029160609,49568151,856739246,27043749,628552649,2140818,15943693,21357847,403123765,33132853,497076184,33324003,428211753,4883636,139870569,-0.926818,-0.655838
2020-05-04,105605,329040.8,83880164,804470847,95246809,1473188642,23951353,592543813,2384843,18429401,17370455,382775598,44758113,715766038,34991413,412586685,3479441,95112885,-1.392676,0.33048
2020-05-11,128743,336557.2,152450152,1629383591,117618361,2028155243,26841951,826526329,3184467,23886644,18450419,376039776,37491747,617480400,32368239,450143753,2036528,58461903,-0.529858,-0.079505
2020-05-18,149645,338136.0,125602194,1375399881,185979767,2902523580,42969674,1160795937,1892561,15441368,26565824,591951254,34881075,585959387,37898819,516545664,3315074,96080696,0.127589,0.597219
2020-05-25,335885,349754.6,280592862,3452665735,102877353,1851254280,46491005,1342093497,3036761,24013277,74413194,1366200268,32323010,488457512,75406378,964571294,3526864,93664264,-0.228495,0.600245
2020-06-01,182033,354405.2,161288955,1830235851,54261963,932604773,37612161,937219069,1829390,14673319,35678252,755634388,25035028,390118674,68271846,946423789,2490558,61934706,-0.207731,0.559373
2020-06-08,161129,349723.4,191854157,2075441966,38400240,655253983,32290614,738826855,2239883,19910789,41378146,742478221,28886334,428101930,63314436,821092776,2676666,91839830,-1.341218,-0.31461
2020-06-15,90895,346615.0,125165266,1318921788,38932818,689492687,19811623,494991425,1337337,10315607,16887490,346458453,18542418,295684681,43230959,527215604,2661316,77109345,-0.95825,-0.447068
2020-06-22,95669,322379.6,113819042,1354475299,74143652,1264515749,17952329,459345301,1862986,13586079,36678539,807723954,16234440,254661712,38209017,445886567,2805468,77410770,-0.714885,-1.141716
2020-06-29,100101,345073.5,135646503,1325536787,62145244,1077114425,32273748,706382441,1659687,12050581,13627912,294126498,39990399,637341969,28410203,374309143,1446861,35269324,-1.041968,-0.828467
2020-07-06,99188,353925.9,125225960,1531498348,76147516,1374997401,26511267,664943904,1764201,12010714,11902561,256076024,39833921,626723358,21700134,294148293,2218651,62780686,-0.707747,-1.52408
2020-07-13,114339,317936.9,86710745,974559239,63724346,1050786100,35260523,902650379,2573271,18119476,11154053,220302752,31209788,539556864,29340220,373834390,2972968,77604716,0.777614,-1.229457
2020-07-20,102592,335149.2,117041714,1329438498,28962843,573422268,26000580,691733185,2323693,17814522,17754746,400150540,31243652,515550752,29663808,380896120,4675235,137157627,1.065437,-1.566337
2020-07-27,98522,345533.0,124715734,1352177792,52339726,931612541,21608977,623904485,2208525,17685683,10639756,215847474,33579846,480877822,46620108,613098409,5127582,128498890,0.857587,-0.152066
2020-08-03,90900,347183.9,192539684,2212724159,40299256,668045382,22290226,598012310,2672314,18779920,19789943,406716414,22486334,301052344,34409598,492935774,3805330,100443598,-0.242879,-0.321156
2020-08-10,99480,356000.8,237928251,2579492083,32754541,556985244,26190650,601634684,2454460,17706496,30477515,602274507,20611351,301954467,40443216,547817747,8114698,273860493,0.720616,0.305666
2020-08-17,137022,343824.5,399683812,4078448454,116849805,1738903457,36829357,1038294392,3379809,26120412,32204934,605390602,23484127,381423413,53327806,760288048,2244749,62367991,0.694957,0.852846
2020-08-24,125149,338197.4,238807587,2856248023,75814868,1216428674,32808795,767833934,2554192,22158793,23602496,520179922,28905071,411265302,38886655,449612371,2591315,67170779,-0.005602,0.936195
2020-08-31,131965,344621.0,400063663,4276459934,107076619,1991220487,26770908,668985629,2830472,20282979,40101803,953413550,31452114,447417863,26065004,331119874,3154096,87688770,-0.206888,1.449754
2020-09-07,102802,348077.5,300992004,3083206265,85013708,1452082846,15899034,459058729,2055583,13770993,17705286,380077999,31249455,460267840,23931713,307569231,2089857,61374989,0.505235,1.507718
2020-09-14,94612,342272.7,271793325,2686279905,58001809,924180543,16341110,469817119,1788260,13652630,8144591,181788595,27462314,413398060,32561777,418427664,4112315,125465592,0.371008,1.341768
2020-09-21,109417,336862.1,215040186,2625636889,36851400,655686459,29202868,822294318,1615646,12495544,14587049,303942024,43835479,686933505,35397794,447482141,4424051,115943503,0.572034,0.798274
2020-09-28,109447,331841.0,202312589,2164623911,33660392,542607245,29973973,818866523,1771300,12555814,18098543,348216895,34870649,463946885,48484665,584799259,2476952,73855812,-0.207194,-0.188547
2020-10-05,106428,327178.0,136450178,1540327553,33267537,552627838,29938668,765199935,10930510,86094044,21854770,412910924,36204663,492768106,49549996,658374570,2832325,83929708,-0.984198,0.079673
2020-10-12,96324,331107.8,213635665,2463641261,85662252,1645309874,21376916,590134748,16920107,125525910,25086711,540032577,13559940,204494485,43545506,563619862,1659758,42690434,-0.416239,0.885882
2020-10-19,96397,349343.3,218834721,2599025880,64964336,1002975271,14298168,422772178,12845026,91622345,27466894,527789264,23404856,346914400,32535081,386760760,3209626,78449625,-0.407723,0.414175
2020-10-26,103950,350969.3,161220738,1946699391,59224006,960343439,24589330,636473633,11757902,90616916,23567257,501607190,20873382,324011227,43704392,521142845,2002318,56896484,0.132375,-0.234753
2020-11-02,108785,332787.1,180603419,2334703921,63943527,1173837037,35088733,869790986,18943963,147552567,20243269,428519319,22354955,340608417,29333020,356479121,2303994,71932876,-0.148169,0.504874
2020-11-09,263546,339252.0,261760427,3036928802,67394168,1152933402,42656762,1261896033,20078128,137940969,42782573,1071811764,23937389,379681112,43881697,583163074,11368063,297069589,-0.557159,1.445826
2020-11-16,106189,340605.8,306775983,3286188957,40036732,665985501,29068600,739477780,22011617,142975207,12043797,242675362,27118521,410275804,27393261,375132268,8804138,220033895,-0.465113,1.542077
2020-11-23,107509,345373.4,371729741,3978523938,42302350,745244964,21776531,620323566,16476542,115078880,16986069,368842433,24864796,415289177,33109952,354775084,1806539,52073506,-1.493704,0.867639
2020-11-30,90294,355204.3,249817761,2955600613,49780645,887515556,27328526,667743093,15219977,113981320,14009200,311980449,36258474,461996932,41731433,569361727,2208058,67543894,-1.106237,-0.425483
2020-12-07,170422,349797.1,421001948,4960748506,80278966,1483054989,34893856,914021470,28912952,219929486,26008379,590660382,37885395,594322513,51437481,639351994,2445585,68461511,-0.504015,-0.870018
2020-12-14,209005,349688.8,460540618,4536943362,75325226,1439954199,36990300,1018487468,30237428,227580305,15815299,328960333,50510647,780550898,85516064,950943725,2942660,77108835,-1.235705,0.100078
2020-12-21,219135,350097.0,317650315,2994920500,74956762,1209892092,46164758,1328066680,27643198,199863750,73741327,1418216513,36182531,576005595,68668154,869092941,4416120,132847380,-0.483909,-0.421315
2020-12-28,210371,342615.6,250959329,2991615815,103793488,1807233594,36769943,956245193,26659561,185597021,47750326,1069654552,21158079,306965880,35830137,457169537,3449112,101361062,-0.336378,-0.218754
2021-01-04,96727,331771.5,171868866,1893767327,55712018,828164652,24178727,649795713,34356683,218273331,28174410,513632594,21358368,310454202,38821591,488325236,7820661,214032226,-0.663274,0.155696
2021-01-11,93641,353932.7,148896143,1643224842,64313648,1175900525,31822920,751641156,28225986,194247387,31550106,701013186,27189743,440310376,50252678,542238908,3055280,82842566,-1.314218,-0.278832
2021-01-18,81859,339749.2,139839566,1386121999,33282765,570465699,24975234,705542536,24713556,180564032,26235134,553485370,13356257,220449585,30541607,384266076,4058106,102393486,-1.01395,-0.512437
2021-01-25,79150,354087.0,192456262,2207030501,29508759,532120733,30644862,850336571,21538790,163104632,13086533,260093324,25459143,372222771,36649500,448403390,4626708,129580471,-0.806518,-1.191365
2021-02-01,104403,349642.9,261981469,2899276055,90953947,1545787443,34755942,855096504,39293791,290536036,18412842,356293596,44438074,650803436,48271964,715226316,4515362,118466368,-0.594113,-0.928968
2021-02-08,118925,350015.0,268722595,2900978515,130855373,2088151847,26221216,726182941,36051748,254311874,21834079,472894767,45550261,716086215,52051078,687844497,7002207,179744207,-0.726018,-0.715034
2021-02-15,115164,345710.7,359793890,3841656460,108983368,1810004859,30492757,831452736,28587680,224204824,24330833,508118730,39602348,618602135,51912249,600063854,9137825,245605014,-1.107888,-0.931469
2021-02-22,130958,348651.4,443347818,4438762801,107901836,2013718883,22503934,575844512,33063783,274251051,22320956,457544793,40498170,612203281,45480639,551169604,6181184,180156254,0.067954,-0.269521
2021-03-01,108530,359052.1,338443355,3523758033,46165638,803482964,16248030,452475965,39230338,287955316,31388568,670249331,26801321,381808353,28801079,357008876,2922181,74614306,0.11594,0.477627
2021-03-08,102465,342850.7,315394139,3473065298,58449936,975572925,22657147,648166322,40753565,292513716,35417128,660623330,22989234,383395283,52829079,672420645,1692639,46926393,0.735892,0.661321
2021-03-15,105841,348879.8,225698193,2588701931,56832247,971891956,25691626,626498668,30286986,243504060,57746731,1138024434,23969961,353288835,34977983,439552137,2981787,93939208,0.586351,0.095338
2021-03-22,126046,338825.1,210724622,2252255427,46908517,755287448,32365036,842013089,34144030,264309003,48004851,1170776201,30497708,442872573,37521616,461255530,7298168,209208630,0.936461,-0.732524
2021-03-29,125025,350177.4,185359864,2044092338,141160235,2510087835,24846485,668634371,31543837,260265832,52057051,1080194053,24250249,423187824,43173191,540739808,9811081,277944345,1.253764,0.483265
2021-04-05,127344,350343.4,186937699,2049226690,81374561,1377990289,29764944,756054403,61346844,418154065,23848562,502545276,55713621,842242286,54618497,763324632,13602306,412590061,0.963092,1.164961
2021-04-12,141404,347641.7,345417010,3691502205,146654718,2484642942,37106316,1067477065,61816278,439882286,38013286,840677233,67344249,921739796,68831908,935256618,12025542,323068672,2.248185,0.141088
2021-04-19,165673,331787.1,342069062,3874215225,170929617,2777912400,75682081,1779680677,55481768,382742455,42449409,994793451,72917935,1045591561,80059803,1119299356,6498804,198469310,1.768491,0.578468
2021-04-26,136837,347380.1,398824163,4320320682,84638549,1261386730,59122608,1632346229,42717942,362452621,37404155,730882819,85826856,1216276548,116498438,1524529656,6987402,232750680,1.667641,-0.497274
2021-05-03,179111,362251.0,770441396,8223954849,97134481,1701849484,84566629,2349669587,55052303,423157845,28511001,611450149,75499318,982091425,94753753,1114934240,7546610,251031582,1.323374,0.467518
2021-05-10,179961,354186.0,354035464,4363110108,86152532,1464877977,54919801,1449908221,56729798,445417194,107953661,2250455575,56123930,892304247,90667833,1104635002,6530559,190355228,1.624411,-0.150265
2021-05-17,397731,355790.2,759158579,8486133359,127000073,1999155358,61552087,1664324042,95702775,729008612,131961937,2645429047,62290743,843966058,121431291,1577474838,25517332,683277460,1.002567,0.721448
2021-05-24,238414,349281.7,458569443,4617773502,111722883,1889946376,32795739,854235881,36701866,284656619,46037310,858874595,34739744,514844192,47149205,616410337,13040676,350922721,1.673823,0.848988
2021-05-31,217694,356965.1,476091630,5044248940,88387594,1343448917,86813895,2106895699,42472467,324823109,62846048,1403859214,37778030,619242453,58154161,794569685,11587707,321016161,1.556169,-0.124743
2021-06-07,143014,359037.9,283079765,3041234987,115797009,2121754864,33301597,753445192,30813592,226433763,44193273,827201564,32398362,476218822,86606846,1131170350,5626727,158320106,0.950817,0.456535
2021-06-14,119713,354621.9,223807243,2384553639,133955562,2322231160,44475901,1073179366,49669147,354967118,17290794,342759430,36161847,579028467,79954069,1095609199,4088206,124553641,0.749863,-0.642969
2021-06-21,114348,363383.4,273575050,3053945585,44998627,831961286,40264906,1068821452,60255680,353580332,32338559,677594838,40621165,601861133,61107504,852957860,5580554,169202888,0.601445,-1.124274
2021-06-28,119750,362986.5,216332555,2354546135,55267406,1053244827,47135864,1182287213,54878209,394480689,12740873,266390946,70879170,958138570,62896927,795663021,3280084,103513648,-0.267931,-0.86007
2021-07-05,140026,348285.5,353394415,3387113634,105766768,1760374964,20677300,538623620,45510251,322027729,32016567,640812361,46436845,663290501,46733329,653134130,7793302,230616364,-0.445779,0.164875
2021-07-12,133802,361518.6,247341437,2763383917,50490702,993955336,55204143,1490126731,47527597,374380606,28783798,614461104,63802671,933923021,51851267,584564025,10980947,310393155,0.675022,-0.394665
2021-07-19,128986,364174.2,362505048,3830891525,90007544,1536713413,66372742,1649443010,30648440,252163280,34400078,778703212,24160323,404707663,38716300,508655349,11352539,323231011,0.513365,-0.505508
2021-07-26,151896,358369.6,562601776,5417059403,101591251,1881851712,56752399,1507422460,48766323,354438229,69339303,1424636308,29970728,435762453,62304425,786287056,6871105,191998060,-0.19548,-0.106257
2021-08-02,143858,354239.4,388417698,4336444811,147484899,2361037799,30813840,812231323,57782439,435277400,50815184,921433147,31849704,497849715,52440960,692905224,8191853,215460868,0.066936,-0.432363
2021-08-09,139675,341174.5,323738407,3691059607,181678174,2911086505,32397255,804147306,38843450,257735310,42611076,767878476,35802327,561889402,66426909,861815189,5407106,147713426,0.555874,0.424058
2021-08-16,126365,344683.1,423890555,4504003255,62027125,1002944924,37004709,907885838,39056483,283560385,45601287,1002617968,30194854,467450992,63853704,954437407,9650722,260923760,0.095872,0.376268
2021-08-23,137620,366134.4,454841748,4798174324,57013322,1007439479,40152113,1024394508,33700354,261781224,22273714,476003619,56566044,808016550,76603658,1023815018,10472569,291959168,-0.839878,0.866712
2021-08-30,148814,339013.4,346455314,3607050451,46755500,865867297,49624079,1283740781,36843194,273889577,37915032,713970393,66713015,948339341,86424848,1095403162,6717824,196379114,-1.012536,0.855293
2021-09-06,129726,341694.3,298693163,3171749754,64439488,969647860,37684804,898147517,37347186,291340701,23645159,547837022,67753324,910359537,31559537,431524458,7737985,223306896,-0.850541,0.792387
2021-09-13,143556,346952.0,253603762,2602488444,190360275,2636926088,21166885,613825257,39533339,305277530,28931653,542551670,43958971,699485189,58806721,737989991,7028667,179852953,-1.089392,0.898893
2021-09-20,114794,357571.9,222962818,2436957089,91800776,1488654669,37152387,896408714,31479856,233848001,17798263,369448178,41810177,645089469,40990793,562972439,5551344,154675328,0.07223,0.947236
2021-09-27,143643,355930.3,213877582,2393040966,117490933,2082983731,27533413,686881460,28245931,215342006,60817527,1264255861,21475357,335441048,57577063,733776379,6485138,170978432,0.077721,0.621277
2021-10-04,147028,355020.3,223377441,2487755410,130317977,2401870501,44748373,1059938454,34219217,279276660,41509586,999886331,28005916,460984745,30983396,440974397,3650123,99654836,0.231346,0.560278
2021-10-11,154740,361900.5,322882794,3671164370,85381694,1391149349,38015062,1142155944,41723532,340221183,61478481,1296239945,47868606,692388278,57594907,752871331,7239462,196432454,0.320252,0.419736
2021-10-18,137402,370192.0,338700895,3967944102,62080703,1077958829,32615919,855606503,50940334,362107234,47285072,967587521,29057978,414097068,80918335,978363581,8168148,217202739,0.255508,1.200478
2021-10-25,143859,371818.6,414111632,4852813222,48877938,888421714,32120583,803353711,42481258,343448302,75051965,1598318986,32359832,528466610,57353713,689708335,7510139,245738230,0.22987,1.069759
2021-11-01,112098,371832.1,352129888,3862594335,99438233,1807981329,31672997,761141975,42001994,337672777,23968568,484654048,38731349,646340144,69400754,984840044,4121898,108472732,0.537487,0.641314
2021-11-08,300188,354941.1,511035241,5232862257,176983638,3075583788,67004699,1650635468,48778470,354143334,61267971,1283980491,85250886,1305951238,68090580,837901839,7664097,223627751,1.321401,1.34004
2021-11-15,154721,355278.4,393485483,4323022725,109568906,1615478285,44157613,1189372478,43810855,335159357,29594035,631453728,54696117,894464900,47099115,636609046,4456180,121506448,1.030582,1.853799
2021-11-22,148950,352520.8,171546229,1909083719,105211712,1971522754,31263026,837169647,47810729,347349811,30014816,667426174,49717548,723628290,46284674,610416229,4567023,118174863,0.585883,0.975076
2021-11-29,133816,344382.6,198064368,2268857368,98260242,1592026011,56381634,1184504407,30667412,240060250,18181375,361115756,59719579,964202389,49080622,593312969,7767536,211780071,0.870827,1.306248
2021-12-06,225006,353318.7,487316113,4684078207,68405035,1170457463,36267828,889005263,47787744,352485421,59799872,1299412880,43028906,610520640,67777479,910753911,11064287,375098729,0.164127,0.163503
2021-12-13,245139,362657.9,335596166,3763861831,119207220,1820706530,35697688,907046647,59609971,393857801,78659569,1545406076,42822019,675011702,105412728,1267648576,17938217,511591959,0.44816,0.376358
2021-12-20,202167,369115.6,415516803,3816099911,74453671,1256502292,43212979,994950441,56567008,434249177,79969899,1495601114,35035257,579771133,87680663,1134562117,9226579,250620242,-0.285644,-0.13875
2021-12-27,240307,370905.3,490424106,5040917428,63371134,1155902748,86529492,2124206251,45795343,379203810,54713935,1184477235,42661647,662191124,75402182,1109355286,6757149,193422761,-0.116051,0.740813
2022-01-03,132556,360045.7,285649065,2679173462,134492201,2195846130,49114290,1259085113,43869124,323085949,50026420,1031323039,29210491,433908677,81701910,1145115953,5992096,179802213,0.674604,0.829608
2022-01-10,115375,364936.7,288391278,3088534529,85120443,1470513684,50076871,1323126518,39429282,287154996,32094981,743056381,49466590,793878587,50349739,617303656,5925740,167873337,0.296826,-0.0967
2022-01-17,98203,356099.6,294214981,3256363090,97802511,1804175064,26828256,724226570,39996404,277068640,26260358,494449504,40965543,641905230,52144212,705107800,16845555,478158762,0.260692,-0.900306
2022-01-24,106397,351560.7,340674899,3128674256,141768771,2175577064,25703965,636033707,56605578,401864860,27884785,609851964,56013799,777595870,50602221,632684332,14666870,387463201,1.039588,-0.694
2022-01-31,110706,351124.7,285911061,3239597896,56428095,938168137,24908735,641617170,57678303,433060499,30227541,618308251,41459137,681121935,49556229,656354655,14436641,363472268,0.560614,1.013279
2022-02-07,122846,348476.6,285811631,2921592828,89034887,1251574049,50845609,1233970875,63571916,454245733,23025707,491984871,67745112,935999623,43080925,580014622,6957141,189825217,0.349056,-0.155607
2022-02-14,107625,375140.6,205294431,2315380932,81444868,1395086364,71652752,1594648445,64483573,517910586,58627441,1134202529,33399309,562929989,82878727,1132406255,9289086,240608863,0.913334,-0.659507
2022-02-21,126714,376156.5,194485591,2334834217,79079181,1475631176,58568847,1555160323,62051713,399897488,77887083,1676525151,35974748,533954332,65387027,913721507,11373223,259662658,1.491365,-0.403675
2022-02-28,138384,363648.2,174448358,2040105419,97454436,1773198694,36498613,955895454,65606869,458367770,64439036,1435302195,40598338,558552817,100668626,1337526392,6592461,171044600,0.959903,0.610774
2022-03-07,117876,353278.4,197024655,2250511284,158603153,2821566842,38641978,993827565,58865492,397594144,51636102,1102913537,30916947,506687926,82763554,1085736079,8018022,237565144,-0.064335,0.356452
2022-03-14,136645,352291.4,243333104,2823238874,131812005,2427489136,37263138,862069542,65839499,451443854,64955775,1302641444,36609486,569039026,60925008,796718585,8863868,258682074,-0.12091,-0.363006
2022-03-21,124221,358526.8,197132698,2095274381,93815616,1532018573,39196114,979708217,45907922,356274136,35242443,738837125,63880570,907294564,56109938,702482424,13473399,405589581,-0.414865,0.165352
2022-03-28,109818,367349.5,387995393,4045557204,89733437,1487436662,44849497,1151693567,66467067,436546979,22811515,423067580,52706552,819510817,80557757,1028614319,6638607,197290695,0.674768,-0.025696
2022-04-04,138869,370507.3,491212926,6143312628,88026273,1511703280,46391223,1235352540,68518550,519701586,40104486,736974258,74935348,1007943005,71937309,901062093,8974934,232468985,-0.034574,-0.481666
2022-04-11,135733,368132.6,477199270,4868990872,76225515,1217328196,32359265,965710544,70439329,529970250,42825443,873555024,73034177,1157393679,64463193,921997139,8152320,224703379,0.385475,-0.612428
2022-04-18,156188,379449.3,568484367,5842966848,122640347,2104345176,47016231,1223375398,81291122,640699548,61464650,1271222792,86669189,1342703055,153900494,2084120198,9140553,239735266,1.259324,0.274457
2022-04-25,186163,360679.4,571343927,5668489629,92239967,1717482719,45078765,1188993297,101137059,700011790,93297813,2078866574,47207813,686000951,166644512,2058783464,38233925,1177025368,1.825395,-0.230793
2022-05-02,412540,359597.4,991579543,11211897430,476093560,6692827215,159159388,4264045747,126764230,901177196,210732531,4250198262,81009968,1077161451,184439738,2526529139,19064963,562000595,1.794551,-0.111942
2022-05-09,412283,363510.0,620936697,6008285303,299310250,4860748347,103809008,2550533365,134912249,929708485,145928764,3109889544,109566857,1793221198,269050627,3840944793,30633876,834296180,1.115928,-1.408875
2022-05-16,227010,359115.2,344973866,3546981061,234836126,3984737384,58554753,1812412167,87214136,625380867,73938849,1570333422,61669310,895002479,78328330,970531333,14419576,342899368,0.904362,-1.103375
2022-05-23,207772,373495.2,350026209,3987333997,148448475,2442818399,47897602,1278064236,94506045,776316206,94103764,2229439128,39554447,589910389,89715625,1189754498,10454049,294205633,2.131322,-1.961811
2022-05-30,117600,376025.9,215664128,2315684642,68691252,1148469392,38668756,957921441,51521592,387993680,37198267,770124205,74692691,1122531053,63443455,844430229,6565034,202204369,1.395034,-0.753972
2022-06-06,109272,369202.0,231612087,2480400522,82073595,1516180338,25307183,762000172,62271873,451334801,43099540,795777985,57480302,881188413,58059166,750628996,7316931,204760751,0.402001,-1.825447
2022-06-13,116747,364004.9,291275817,3029673867,59543656,1050062534,41417432,1177444351,68292173,513621614,47132869,984389029,50684453,684199902,56737519,614253098,18112695,493145617,0.355817,-2.425697
2022-06-20,138048,362831.9,346242267,3674369717,166298043,2752298933,38283025,983780260,66340661,533840328,31873847,683881668,59978785,903196737,81076692,1085401178,14297309,422001375,0.065526,-2.109337
2022-06-27,106544,392601.7,328901360,3110824971,120529065,1962278426,52448967,1271068279,86318876,658425402,32682238,707150069,76673083,1053315188,50334586,660980950,10155579,286157206,-0.063337,-1.035577
2022-07-04,132940,364090.8,398131385,3917846012,221985668,4094897954,43032189,1265198681,63797742,480553508,51191191,1160611282,50190946,715198102,80614320,1153311469,14155041,365431077,0.066713,-2.470883
2022-07-11,167689,373376.4,441717395,5320975580,200598363,3848227706,48518302,1314794628,63057057,427315192,68289419,1353205479,44932797,754787100,88870804,1256919073,9286460,287173813,-1.136702,-1.847892
2022-07-18,133283,373838.4,420786924,4195966439,102136819,1702376802,47770962,1153006851,53704426,402974457,71378139,1526298290,61836697,857941276,58428286,784443567,7357760,197786222,-0.203052,-0.801553
2022-07-25,150349,353699.1,339312050,3904633153,78083177,1514674154,57203432,1552368073,54291403,397043222,58141500,1299155547,38335249,543049586,64496043,954919178,9428098,278466157,-0.45202,-0.852407
2022-08-01,146641,371503.2,201600497,2415995493,114862707,1853788923,52762011,1383862453,54838548,480965993,54715850,1155139936,45051758,640467401,69702001,898395025,20928983,572150173,-0.588748,-1.402763
2022-08-08,147105,356031.8,262949143,2835426596,86116312,1454116217,65382642,1704922145,52866182,374687689,30172899,652503451,67684614,1018360972,69382012,899443513,19575566,592245925,-1.341154,0.063286
2022-08-15,155015,364849.6,253142149,2922828217,115733699,1994293947,45105068,1095102120,53854246,409942172,49499395,1009161594,105943999,1614650693,61419321,789989137,13519791,391125116,0.155318,-0.19422
2022-08-22,134319,377619.0,327317401,3437444256,88601372,1587033386,40609821,1117476678,72152474,530305145,29612923,607849039,79943184,1266081327,78469688,966585294,6337402,179003212,0.364691,-0.726965
2022-08-29,125105,361205.9,218735742,2360067397,153454151,2554083866,30362867,867899459,64972355,460839998,30701419,690229375,62064602,996437788,135990217,1664420120,6921576,188898202,0.141225,-0.76455
2022-09-05,120511,358424.9,271393412,2649149322,147046874,2810317118,50474228,1389509247,66425506,479778880,30348451,694939460,75758161,1065776369,93682787,1116935781,6409822,161393415,0.515105,-1.186792
2022-09-12,165302,366595.9,365362365,4153936464,72278447,1167085142,45192688,1225137089,96384957,622898168,63599550,1366545223,35599898,538789289,66475559,925019610,8893917,223937674,-0.429819,-0.548444
2022-09-19,136464,362015.4,270214209,3185695023,86472458,1460385140,61863975,1629396941,59487432,445090719,79559746,1576399351,38948470,610362802,60856465,702132525,21501481,561796565,0.083688,-1.50409
2022-09-26,136175,369421.5,488586182,5196665941,140875718,2299505122,48364707,1261135867,72514328,509730995,81548802,1646286244,58373652,806263895,62832986,877684737,10689321,277644270,-0.425153,-0.978815
2022-10-03,133069,364711.4,252537452,2963539414,74619991,1258757987,30491876,841827578,71663422,503882784,59033487,1363317564,45920371,610095662,54714895,682095463,16814131,473787109,-0.019312,-0.869256
2022-10-10,135755,371201.0,312523428,3828680002,106964949,1744550709,46525088,1228371227,72144852,496245598,71741402,1519580864,49381652,761696199,53884354,679251897,8116762,233175912,-0.002021,-0.706645
2022-10-17,144944,391298.3,461721563,4935372564,182930699,2772420946,63917408,1502895186,61764126,437115021,33508729,648022536,51036640,733455314,51839504,629387032,13185758,374482618,-0.775341,-0.822598
2022-10-24,159105,358282.5,279154964,2776969062,201390737,3299474745,60641414,1655252155,65502578,439414431,25168171,551453772,58481025,768459436,82280875,1156643458,8769219,247269556,-0.543979,-0.511809
2022-10-31,143912,362650.2,176474499,2359345372,137716449,2556700606,70162158,1737327310,52672708,428148805,23304060,566762972,81534600,1121160125,86686029,1101989939,15381007,401957455,0.862265,-0.476949
2022-11-07,235799,387025.3,262699224,3221932883,132681380,2313893896,74507803,1940268024,55794635,417244579,46354436,959639656,96794110,1440768310,192904139,2624297512,23206544,689597397,0.367922,-0.094978
2022-11-14,267930,385968.5,286003689,3251687985,209942946,3466968214,47023754,1149065114,53818288,389814076,89705299,1835191455,115401294,1867963210,162507741,1941564874,25369035,765795013,0.311036,-0.323656
2022-11-21,140684,369612.8,213573670,2846770411,65163994,1050644631,35557965,894151319,42869068,337841182,60085881,1334393291,32004677,519246109,48889305,636283614,11932128,323997067,-0.473444,-1.015735
2022-11-28,125432,363382.4,321363642,3233611015,83085618,1549051267,40268021,1010360646,43570580,335448291,64041971,1613737874,33446341,474614907,52414485,698111171,8726647,246419689,0.080689,-0.356794
2022-12-05,257254,374040.2,574924143,7121732625,323323672,5185893540,67975861,1721342913,86914061,620334226,95853338,1823752131,50926632,865789195,89386274,1138097722,8147436,223934810,0.240711,-1.258516
2022-12-12,239931,365225.2,598093211,6986159371,185431224,3194191730,87129935,2152510650,89334207,632686097,79128372,1710820989,40608049,694688856,90626639,1265413934,7050340,179309318,0.285948,-1.055257
2022-12-19,234051,370381.8,561413579,5734200105,201939499,3519747458,46247790,1251533065,70918503,564422126,90995520,2200265351,67837146,973084745,64525444,911871423,8574866,238293614,-0.320695,-0.459712
2022-12-26,251751,377828.2,545826771,6696690151,206630867,3710063189,48259951,1307161776,79620496,634819776,45831200,875940355,68066819,1113264640,101459111,1411803169,20925369,604714763,-0.799034,0.016842
2023-01-02,170452,367549.0,314034640,3954159541,77012401,1312463743,40196135,985078505,62004152,486667278,44630107,1103672192,53917799,747447902,85178257,1145930392,25662945,715356520,-1.269486,1.419014
2023-01-09,157706,366440.4,314559150,3331537522,73412221,1456948054,49577452,1283670535,62905610,489561510,30548040,694850937,75712671,1098399050,77997380,948052838,14211881,402864707,-1.432155,0.714142
2023-01-16,146150,382417.4,200037231,2351001261,103772639,1577076696,56411330,1366860104,55963326,445388487,40836132,928314111,73795714,1073711817,94867690,1260840659,8726369,237522727,-1.195009,0.984046
2023-01-23,120259,360233.5,186793189,2032983303,77298124,1256159521,62767414,1484794937,74766823,573459360,19257585,435031934,46310694,719578349,58333479,756429626,9589063,265636807,-1.271535,1.091505
2023-01-30,140737,379549.3,257778806,2728918836,95045837,1731420305,45457141,1228547683,78084831,553588917,51273696,1167919441,41505108,593554836,56164908,722916950,14012600,390053040,-2.050768,1.352605
2023-02-06,181148,360416.7,164003533,1968182982,130017391,2335912587,37586705,994108484,71287187,480351771,71119189,1378966909,45798917,715029712,77779758,964637342,14688469,414432716,-2.603355,0.260634
2023-02-13,162902,392745.8,155904376,1646316284,222794786,3579426884,42643564,1152447626,89868714,666550494,102247792,1910545581,46882456,745360096,68186651,892358810,12816142,388571867,-3.242884,-0.634121
2023-02-20,173517,372986.8,231753731,2405813785,199750740,3246221770,73926547,2051047177,59987912,491118355,66797013,1557594226,42040484,614300241,84183708,1028436609,24526133,727071145,-2.391796,-0.425587
2023-02-27,175340,378008.7,399484928,4239467931,85258065,1406476019,72214093,1924615804,47125059,361306964,124085635,2327706874,63165340,946015618,91235899,1147972389,12987784,364539245,-2.475972,-0.83406
2023-03-06,154123,377466.4,384241462,3859168955,82480295,1445982297,65994888,1905804119,55557926,429735520,41134247,843866762,67106924,943550963,110521859,1339696102,14331974,427986938,-2.432899,-0.983796
2023-03-13,140050,388747.2,323033710,3883509239,102537006,1786138500,42116907,1060873497,53443781,410490897,43677397,850690057,82716047,1209548626,107422375,1177418431,10496860,282668176,-1.758218,-0.987936
2023-03-20,119997,380664.1,324896627,3849268539,98637077,1571893193,37864880,1034923030,57139175,400741172,29604621,675892993,107612074,1493662585,122198247,1709511838,13295136,364444511,-0.634352,-1.32758
2023-03-27,183904,380282.4,450733748,4865849596,206377904,3304040643,48550166,1418614083,68213748,563800182,47103350,1029645376,99904253,1608818205,119990971,1473339070,9799346,304998659,0.013634,-0.37278
2023-04-03,175077,380822.2,461976155,5303555291,253668188,4178611911,110026966,2577707825,81534250,557226820,41160275,859223055,115543273,1694943484,90326885,1126396162,28229123,704297154,-0.550466,0.146631
2023-04-10,228376,375148.7,354533820,3686367365,233066365,3973807706,112144686,3010088553,88933656,689167440,151771357,3036069829,100236073,1405709555,99242423,1368804625,39355402,1048196470,-0.391844,-0.63051
2023-04-17,215262,376196.9,378915544,3790429582,289593642,4516152813,101076434,2589713350,125345577,960222169,136749327,2684854528,86348222,1315989964,106914328,1326916369,30556704,784044284,-0.296515,-0.550767
2023-04-24,566272,362007.0,543464973,5743719713,297435565,5083264507,106758468,2750726793,219125105,1420972967,198083141,3668960047,147884191,2359431811,163764970,2163147943,56240081,1449904004,-0.571808,-0.219319
2023-05-01,241543,381213.0,330462642,3410807974,112404155,1986006832,69118927,1903169830,113389903,807856143,90711284,1903009343,50358456,777670308,149256614,1721656256,8037541,221419251,-0.116868,-0.548531
2023-05-08,282030,374454.0,270732721,3227336758,194184910,3384296122,50346916,1140951104,105051615,798329798,100148199,1900718306,106257068,1520083678,131667439,1796549377,18421875,505776445,-1.468139,-0.068924
2023-05-15,150528,397677.4,233615462,2468928373,103444381,1619849241,82146193,1994073968,72384580,603557889,52000414,1037940870,64440762,991212622,107420441,1467252520,12541635,329306914,-1.853429,0.312039
2023-05-22,164531,380886.7,400997887,4092107185,135884008,2244665454,63586505,1819223631,70921448,546564285,45341639,870816059,104439651,1483145772,89531456,1092333689,18692884,502836323,-2.27051,0.683545
2023-05-29,165606,370613.4,372488046,3682362603,112763216,1830882165,84126872,1817310090,67990937,506530588,27108281,596843548,68949399,1020135433,64465146,869478897,42703309,1064612502,-1.253181,0.827821
2023-06-05,158646,380155.4,317603883,3338360713,166204711,2700335800,38240346,1055901883,97743639,708312573,78225697,1462565754,63235091,943580343,61290134,819934560,28525115,902561596,-1.166745,0.401521
2023-06-12,158657,365686.9,231423989,2689184575,159050665,2522795562,44982635,1289031199,75713013,524796520,32498620,661045478,84258698,1285222415,94229690,1118866869,11292397,295806676,-0.604287,-0.48274
2023-06-19,147116,388303.5,348437557,3450234828,95462837,1924958987,45349399,1148327567,76941842,538136138,115068457,2354711922,45285733,666851940,81667579,1080089459,11346868,340673097,-0.031022,-1.300693
2023-06-26,154569,391717.9,377348854,4164854314,102138672,1517579028,68691588,1722096243,64483577,548575214,108354069,2148232852,62787158,1012881062,52761000,785002807,10967751,327649396,-0.288972,-1.426056
2023-07-03,165473,379452.9,165620679,1856291594,98958136,1586962777,67438017,1749644467,58351266,441015178,81806843,1568849704,43294575,622395475,163043934,1999342912,15702212,473253585,-0.051959,-0.794775
2023-07-10,167667,386510.0,197286934,2348855037,120232288,2119863157,66197725,1696085679,67190154,496346900,111605702,2394786663,57933317,936693753,152036626,1941713041,29137971,814599309,0.510672,-0.035853
2023-07-17,169859,370755.7,249700367,2775373058,152254282,2651432531,47452340,1276369982,64485730,496936649,99362660,1986374696,63118375,849285009,142901471,2265446083,15889166,461122962,1.424462,-0.227965
2023-07-24,151898,391517.2,247646179,2867921072,201657800,3666757122,49369031,1424833181,63036584,479043361,46465269,906637701,95553446,1295707653,115401001,1488951932,20857086,551657177,0.471929,-1.127673
2023-07-31,171629,379210.3,179319970,2487047395,175231172,2832378006,55357293,1455694360,76143298,524649854,49697118,965488701,101542865,1582926631,87205665,1196122634,14999211,409244531,0.400182,-1.309759
2023-08-07,184788,375890.2,208669902,2217116582,215016387,3578598056,71000549,1801021641,79491136,557010302,35049574,747079028,106814151,1568817072,79382269,980015294,13549545,347268313,1.2449,-1.231115
2023-08-14,141667,365910.1,419066209,4847052821,110067748,1733136085,74039355,1840701219,82539043,606856984,44812249,983536877,93817594,1238419879,71680939,900189577,11003701,335305794,0.67677,-1.18911
2023-08-21,169907,395392.0,356870945,4089323581,126898966,1873973217,82140580,1949439095,96921601,672562349,54225903,1116187586,107003951,1449507098,106052920,1268712207,12213639,362194913,-0.519775,-0.878305
2023-08-28,136906,393682.9,398378846,4017078964,116576989,1820861815,49142499,1294952410,94467566,684425783,89507881,1813610582,42800975,709623147,71016715,889170779,18952194,509527303,-0.491039,-1.558031
2023-09-04,139041,386537.9,335006142,3041050799,107264086,1728761383,38622907,982067792,74481498,443850427,110337119,2320236994,47918080,664471292,116526750,1637413213,18425334,595517084,-0.687491,-0.702496
2023-09-11,153277,386560.9,408086503,4604693439,168045848,2725127537,34479756,926722060,81223589,577897280,94086137,2297319994,42453207,699330178,73204045,1025709811,28286645,815515867,-0.322754,-0.253813
2023-09-18,165204,393273.8,426318723,4324967934,235021556,3477093264,62101413,1701244277,83251961,573590474,73207812,1467400001,34086455,581686727,159918282,1998699104,19475328,516618745,-1.001461,-0.507387
2023-09-25,153332,380331.1,275005405,3014330546,160192428,2930146162,55666023,1384807454,59409871,456876441,97506842,1951504894,48762339,676672444,113078684,1422358819,15173806,398513830,-0.636348,-0.647162
2023-10-02,140989,396452.2,267554371,2799892894,235080979,3812685646,67747831,1872899814,66943435,460027863,28744925,643589824,84336959,1281695913,61451660,774243656,12403729,360350697,-0.19093,-0.553673
2023-10-09,127411,381170.4,194107557,2223959917,81865056,1647878504,46572774,1267998860,66680007,512091353,44922298,977762210,72559712,1019787697,76694120,759563972,13959804,424030102,0.012843,0.062578
2023-10-16,148764,398136.1,214713771,2280745025,118898153,2077087355,45897171,1245096840,56559824,458201580,46194678,975355493,89093231,1340976193,62844580,824303937,28899572,713775283,0.042591,-0.82807
2023-10-23,149210,386172.2,215002678,2480150532,107615932,1682051314,45503060,1185748658,60497176,477885667,61134752,1331129206,92923661,1294455854,83280826,1038661554,20279043,577483756,0.684408,-1.456982
2023-10-30,144284,383865.7,259942516,3007336818,90257518,1559937386,47475207,1169599338,57002179,455847405,31120961,668636924,108717840,1483455452,77062226,1036921468,23931419,656086915,0.529036,-0.544539
2023-11-06,147367,391447.8,304037631,3489736131,232963337,4028205435,78289878,1822266582,67309345,467562859,84078948,1907577969,52329109,740183418,112262945,1405027573,19338979,486948058,1.624076,0.561321
2023-11-13,365472,385001.9,382914122,3772040297,430576491,6850324127,141818425,3696591130,77600330,524886100,248122935,4770833241,84603419,1361892360,179834993,2667659074,15459679,450382331,1.476173,0.544197
2023-11-20,160683,381200.6,489264473,5136272712,258887688,4270516669,39889514,1179024348,61406353,445564523,72547567,1788989938,54734072,788760663,112138836,1487721582,13976828,388923530,1.173329,0.848985
2023-11-27,129553,398589.5,265923474,3384182782,184498787,2838364656,37011670,855313964,86633094,632051270,102518840,2241953416,46006201,598600212,82508869,1027857626,9331856,274888912,1.826925,0.20408
2023-12-04,301604,390812.8,440571437,5531800760,160859444,2699020136,61827149,1713432023,118730357,898014793,232625445,4441197534,59269804,802591926,102530489,1334607370,17561331,492861874,1.374161,1.022991
2023-12-11,273741,391254.9,570519207,7603756636,121616548,2078510483,80839258,1999319126,110700081,793042363,92026568,1928793266,135844268,1786477261,94621947,1244200758,35093236,946707963,1.258407,0.643686
2023-12-18,247664,391924.8,390036573,4247596450,84010232,1469578659,75311926,2234019150,115071310,821340460,65114321,1477761381,121793625,1658781344,86594488,1118756484,16090794,483007496,0.740314,-0.471715
2023-12-25,223367,394627.2,351217259,3617816645,121866301,2095886674,91242186,2208443802,133624812,990911344,47904769,1035646185,93013177,1556897443,117516991,1346422404,32936289,876370970,0.607959,-0.152446
2024-01-01,169068,385663.2,165570669,1771439177,213646250,3315722765,40964332,1151664625,68278445,496223070,68457082,1454377275,83728536,1296838952,57242141,698560395,13259775,360842606,0.433923,-0.299691
2024-01-08,153000,396591.7,164194552,1762776979,220576330,3581223992,38097436,1044553800,65970826,533267103,81498827,1830998932,78427666,1229689553,75918036,1030597221,26347226,747352087,0.616859,-1.241937
2024-01-15,144768,379073.1,170685767,1924240939,164091988,2761317738,46098110,1093757006,67467592,521827186,122616378,2449835578,60343132,959186005,64192663,939392749,16015348,487389190,-0.366677,-0.386525
2024-01-22,168284,389101.9,203535236,2286714288,192173245,3146856180,95591540,2265880435,58666369,441258631,162268537,3485828611,36498438,599246058,93388552,1362783029,21848834,613508975,0.836297,-0.308636
2024-01-29,161823,398218.4,256580328,2965131013,81247761,1410099326,71613088,1933022661,52637657,390593906,86128715,1770852621,58005514,853641876,89016006,1249748897,34321473,892974547,-0.014181,-1.136168
2024-02-05,176825,374076.7,353015945,4222341750,88260814,1440323990,51952082,1500433699,76789952,563553656,204837637,4078880114,49837753,757726045,74426794,1013011052,34356845,1026603038,0.370371,-0.255322
2024-02-12,212579,376634.8,251660182,3038724995,105996325,1724026084,64502349,1565991021,80850110,499939672,144237613,3065499485,61651370,924000406,95296353,1257629391,18666416,493643772,-0.553047,0.014456
2024-02-19,166861,388346.2,328518893,3290071774,144593775,2363944450,45634542,1160419913,87557597,572407293,65711862,1330023131,120831487,1667208682,95725994,1269828958,11543674,319316095,-0.718471,0.703254
2024-02-26,147718,396189.0,338099210,3651389076,219083390,3396385484,59863595,1500164581,65293328,485126807,48734531,1106600425,77109802,1166817836,92196458,1171061745,26633301,720590635,-0.336726,0.506484
2024-03-04,180992,400251.6,303077793,3458156791,199959147,3153521776,94445014,2656373664,65408219,544903755,47245064,955491959,90105079,1341369607,79606176,1026050193,18507610,551877130,-0.455237,-0.286234
2024-03-11,194228,396140.3,198704270,2459250567,399191887,6475385400,109562051,2865978461,94602832,705971319,71395620,1420403220,106438280,1777173667,164316080,2137356369,47350115,1325894762,0.578717,-0.765111
2024-03-18,203587,403367.5,307025470,3286645918,351152836,5618052515,121876506,2725456834,129855430,986560684,70254895,1584867725,96315823,1448231003,104222264,1499112860,24950973,691073571,0.289915,0.200292
2024-03-25,198310,375269.1,290407257,3262250358,86585670,1621369634,60377176,1571239162,121145471,898494219,157333382,3287804837,46729414,720343723,175487746,2380706831,26923611,719205541,0.053637,0.179766
2024-04-01,238621,385053.6,319697562,3429626386,222848964,3800476773,97884845,2351030677,135257927,1136498874,245552847,4383101718,92718133,1443865577,142006603,2067908530,19642385,562682949,0.292087,1.768933
2024-04-08,260042,384821.2,360113898,3909889966,200055144,3600877589,73339760,2080042275,135610264,1034998394,173064449,4103437097,82762597,1160229454,136465261,1551479468,57321750,1354219598,0.806361,1.242962
2024-04-15,498300,389948.1,585756952,5951737107,321807099,5843897824,236471801,6042593051,266038624,2051058926,416025805,8429709916,132516188,1875069079,265351523,3070625519,30528793,877071210,1.236525,0.188566
2024-04-22,314494,401603.7,394549460,4575791999,217295283,3959521871,112258901,2894214741,111171021,912452316,207760334,4314262005,92001819,1459826308,107231862,1275377680,18123599,486554721,0.889427,0.53439
2024-04-29,361672,373403.0,685596773,6218471784,258006975,5209799606,121899771,3096810759,158461504,1111518245,115965649,2419840663,133973513,1831275909,100909001,1351714270,39875629,1104349706,0.819622,0.899363
2024-05-06,174138,421840.8,249236836,2924927802,295930600,4575949712,55653606,1354239653,91939011,717163776,49303575,1065900113,115513598,1693723917,74555418,1052751085,24099623,678999216,0.519463,1.799059
2024-05-13,156537,392527.1,267836055,3175526720,168066265,2803515908,47167770,1407441567,63712069,462006737,39693951,828384047,79539242,1098644337,86461211,1237037650,27635917,747652524,1.210598,0.301022
2024-05-20,150675,396582.4,323277720,3381319356,87837101,1397972971,59929519,1574098465,75381746,544677632,62288386,1325451713,106459652,1765468906,144132189,1972084918,20834277,629352478,0.819516,0.027299
2024-05-27,170929,376761.0,331138189,3710144335,74376676,1256108370,69559622,1680082476,67662237,537843225,60418199,1221404339,122969031,1612259773,135167643,1696289261,21096469,579282023,0.725816,0.089875
2024-06-03,192717,377283.4,176875063,2095450923,87336554,1452425812,99127011,2586755074,69898114,459232727,178439318,3804780549,65908467,972870825,122445687,1520568019,28001924,716930962,0.328384,-0.341197
2024-06-10,158151,403222.0,184748303,2172990743,83018782,1415913137,111815856,2901366995,51084810,437079178,167197466,3514691843,64812864,1044128241,82948692,1080581355,26990123,732657888,0.135911,0.809978
2024-06-17,174232,389880.0,206692127,2117335524,263027063,4159315355,54724638,1404973296,52617932,388636616,96827668,1925261332,57606457,976870522,104438808,1400356505,37241773,1090585875,-0.400459,-0.327962
2024-06-24,182415,400363.4,226519186,2376955261,160741563,2649291785,67888182,1808594066,64751321,529738055,95787193,2006813040,73116379,1202421607,77938949,1098337889,21387294,649753210,-0.58302,-0.302509
2024-07-01,175201,386523.3,258605957,2835260398,197058645,3334613705,54688125,1620802854,76426577,590146786,114050540,2552750397,72749732,1046023386,112295324,1396646622,24048623,670037347,-0.898246,-1.126029
2024-07-08,175008,396793.3,245200827,2505019270,225201728,3629799605,90466489,2135688789,77477445,630062913,102247106,2396431323,95465438,1459730851,84025657,1091369047,9298386,285086620,-1.04083,-0.899233
2024-07-15,193945,399170.0,319048293,3881122648,106398098,1756817081,125399726,3213401336,81455480,595169569,90454961,1996130181,78736280,1219200961,126259242,1649523619,30222569,684276574,-1.066327,0.015882
2024-07-22,179225,400678.0,505340351,4997980966,133114840,2233372565,69623236,1760961333,92530531,621827252,91466356,1939340563,123114478,1692772127,152125302,2034084117,7821456,225711836,-1.255958,-0.177617
2024-07-29,172736,375253.3,427461217,4167886168,90814902,1557516623,63586006,1471347041,103611411,704847716,54330015,1144596221,146920218,2057826152,156839804,1973764394,13083934,387786484,-0.388408,-0.576705
2024-08-05,196352,396937.1,422362995,4690515423,125313044,2058711243,62279870,1542181873,88178496,695281229,66154289,1372383615,85687324,1308522853,170508003,2204505921,19215700,502215558,-0.8263,1.087355
2024-08-12,217746,391667.2,415993188,4342113910,255658931,4896262955,99236628,2498480042,98271517,823040153,142357617,2751842251,42310776,665866047,108496929,1472615052,37549748,962515656,-1.03698,0.857832
2024-08-19,209674,405867.5,418599565,4672521059,318278153,4930745831,140358296,3479370718,112068264,811861747,173700086,3723732607,52810497,823485086,86539321,1257175782,27972017,838504521,-0.414254,1.194075
2024-08-26,178062,402361.1,304577657,3129434104,210047889,3325338244,64577247,1649809255,108785921,861499950,133372876,2448408554,66476869,1095696250,79188513,942795208,14143771,384238767,0.405034,0.765505
2024-09-02,187840,398772.6,307437238,3320642054,173486114,3140964536,102164206,2371972725,81556525,660574726,148809926,3330539517,63152802,915540195,82861221,1055891113,8568624,274443059,-0.088607,1.129637
2024-09-09,170823,394191.6,176394040,2062375646,108644769,1874222835,75506776,2009981209,60824954,449177881,73066883,1778604320,73779032,993213686,85493925,1063947587,19543253,501448889,0.873539,1.566953
2024-09-16,124865,407691.8,192812259,2176994735,128879440,2125006100,57034250,1459299630,63691922,519291947,45861551,998292523,120894810,2014456674,176430915,2364846791,13199184,362498638,1.003745,0.813592
2024-09-23,155490,406036.1,253389656,2479024579,106492693,1773329326,65081136,1601129374,57894462,391753008,61860375,1246815248,97450605,1596679970,164536299,2114585648,26158630,705633119,1.11028,0.503708
2024-09-30,153110,388330.8,233542513,2419646516,93610479,1593943262,82334733,1997261387,67570272,504321604,73102556,1561117703,108604549,1547704891,118440376,1388432453,42490561,1253137643,0.51163,0.188374
2024-10-07,162654,392243.0,469599862,4757507965,178442112,3034529684,57067293,1482027816,52240598,399481876,68681477,1449392530,79099418,1248485413,135686668,1828744890,34873841,1016339183,0.184686,0.599158
2024-10-14,162864,392708.1,343306325,3688764652,233037118,4197424557,112813459,2742195396,50456384,386276151,54107866,1287014332,112382363,1695186730,86814440,1123369563,30916118,824759201,0.034044,-0.033137
2024-10-21,183393,385287.8,325349040,3536999378,183377587,3321298373,49854241,1362191940,81513951,536426427,87459344,1836203367,64176911,922737452,80121105,1076893541,16403968,471632813,-0.370959,0.288477
2024-10-28,190519,404753.5,436774875,4458526743,187197325,3716364209,56048262,1414844619,94328818,747340194,201093026,4135731667,58841567,789940748,78121060,1042133739,17113245,495716176,-0.177357,0.218244
2024-11-04,148854,392590.0,301313031,3784275458,95412364,1498715919,59980801,1553437608,89664488,682707249,96747654,2033958799,53808158,814319555,97755892,1296319062,17071436,398896792,-0.785212,0.073334
2024-11-11,445187,390457.1,329478410,4218121283,171697319,2755768828,156103992,4656409975,96387335,661500535,406389154,8330507690,104353180,1681294146,148068411,2022323747,65993670,1885006850,-0.207,-0.237953
2024-11-18,175484,403990.7,229085470,2501583659,87673395,1502705445,69974677,1892453954,106325809,712183718,135291067,2940710248,76902443,1252817416,108588455,1515653502,38016580,1061050560,-1.16374,-1.165208
2024-11-25,136363,410043.5,190705899,1995023967,108888199,1738764630,101025766,2401073613,85755593,627180226,70526642,1303846872,99165022,1402856662,189070028,2339276722,31041249,823047873,-0.582924,-1.110811
2024-12-02,282900,420244.3,413658082,4050730377,265014922,4008774065,85420508,2168847574,155902812,1124327382,87775917,1970247605,205920867,2822904686,200129502,2776090205,23731203,635973933,-0.336728,-0.344027
2024-12-09,245697,396370.7,412305505,4308112641,248014399,3632884454,65993755,1812216446,127788158,960838220,82601592,1749812569,153625572,2336556250,148546057,1728691138,29975764,863802693,0.680195,-1.171233
2024-12-16,291402,398180.5,366082211,4061806878,262168171,4315761936,60267503,1830041968,125002113,796509345,248680418,4774747500,134030659,2135362155,108531237,1550997424,28731079,764936476,1.279812,-0.938802
2024-12-23,263292,421838.7,375492196,3934924532,212828798,3902748806,79344917,2166072662,100169855,710598131,77177951,1745400042,160109089,2247372698,156432813,1904251356,14081056,399128499,-0.199218,0.210523
2024-12-30,305139,404420.1,492339686,5005611420,211650802,3818492065,127806865,3647514656,129158005,872642546,177749511,3851640859,84878868,1354535434,124967999,1725736213,35963334,948176248,-0.587978,0.538402
